{"cameraMode":{"drawMode":0,"name":"Shaded","section":"Shading Mode"},"sceneLighting":true,"audioPlay":false,"sceneViewState":{"showFog":true,"showMaterialUpdate":false,"showSkybox":true,"showFlares":true,"showImageEffects":true,"showParticleSystems":true},"in2DMode":false,"pivot":{"x":-1.2699999809265137,"y":2.490000009536743,"z":-9.829999923706055},"rotation":{"x":0.10681027919054032,"y":-0.3729653060436249,"z":0.04326882213354111,"w":0.9206616282463074},"size":10.0,"orthographic":true}