{"cameraMode":{"drawMode":0,"name":"Shaded","section":"Shading Mode"},"sceneLighting":true,"audioPlay":false,"sceneViewState":{"showFog":true,"showMaterialUpdate":false,"showSkybox":true,"showFlares":true,"showImageEffects":true,"showParticleSystems":true},"in2DMode":false,"pivot":{"x":-4.693497657775879,"y":1.7580928802490235,"z":-4.9062910079956059},"rotation":{"x":-0.34536176919937136,"y":0.6525980234146118,"z":-0.4438936710357666,"w":-0.5077397227287293},"size":5.799747467041016,"orthographic":false}